{
  "México,": [
    23.6585116,
    -102.0077097
  ],
  "México": [
    23.6585116,
    -102.0077097
  ],
  "Kansas City,": [
    39.100105,
    -94.5781416
  ],
  "Sapsucker Woods": [
    42.4753258,
    -76.4495908
  ],
  "USA": [
    39.7837304,
    -100.445882
  ],
  "Michigan USA": [
    43.6211955,
    -84.6824346
  ],
  "Indiana, USA": [
    40.3270127,
    -86.1746933
  ],
  "Canal Park": [
    41.0781516,
    -81.5221776
  ],
  "Great Lakes": [
    42.3093241,
    -87.8496551
  ],
  "St. Clair River": [
    42.6248342,
    -82.5143645
  ],
  "Weymouth Beach (UK)": [
    52.5384671,
    -0.2456685
  ],
  "Detroit River Live": null,
  "Museum,": [
    50.0794841,
    14.4316586
  ],
  "OHIO": [
    40.2253569,
    -82.6881395
  ],
  "Lake Livestream": null,
  "Live-Stream": [
    34.1398259,
    -117.7435807
  ],
  "Severn Valley Railway": [
    52.6147785,
    -2.4425948
  ],
  "San Marcos Fort": [
    32.7307203,
    -97.4704736
  ],
  "Castelul Bran - Dracula&#39;s Castle - Casa": null,
  "Ocean City": [
    39.2788685,
    -74.5762507
  ],
  "Pennsylvania, USA": [
    40.9699889,
    -77.7278831
  ],
  "Peregrine Falcon Nest - Castle Rock -": null,
  "Maddalena": [
    44.6222404,
    7.0285759
  ],
  "Castle Live": [
    51.4823617,
    -3.1779029
  ],
  "Hurst Castle": [
    50.7068783,
    -1.5500234
  ],
  "Peregrine Falcon Lookout  - Castle Rock": null,
  "Matsumoto Castle": [
    36.2386353,
    137.9688709
  ],
  "Schloss Colditz - Wettercam Castle Colditz": null,
  "River Sounds": [
    40.5935143,
    -122.3808746
  ],
  "Mississippi River": [
    39.5523599,
    -91.1578924
  ],
  "City,": [
    -37.8141705,
    144.9655616
  ],
  "Ohio River,": [
    38.8197972,
    -84.2289889
  ],
  "Missouri River": [
    44.786375,
    -100.7217317
  ],
  "In The Forest -": [
    35.3169702,
    139.5491298
  ],
  "Mississippi River Flyway": null,
  "Dam - Michigan -": [
    40.5533073,
    -106.008603
  ],
  "RIO": [
    -22.9110137,
    -43.2093727
  ],
  "ATL": [
    33.6374009,
    -84.4298161
  ],
  "Space Coast Live:": null,
  "Live Stream of Earth": null,
  "Reef Camera": null,
  "Kensington": [
    51.4989948,
    -0.1991229
  ],
  "Saint Martin": [
    18.0814066,
    -63.0467131
  ],
  "Live Stream of Harbour": null,
  "Clearwater Beach Cam": [
    33.6998397,
    -118.0145282
  ],
  "Margaritaville Beach Resort Fort Myers Beach": null,
  "Margaritaville Beach": [
    25.0807022,
    -77.3210597
  ],
  "Cruz Bay Beach": [
    18.3305591,
    -64.7963377
  ],
  "Curaçao": [
    12.1176488,
    -68.9309263
  ],
  "🌊🅻🅸🆅🅴🌊Cape Kiwanda Beach Cam 🌅Live Pacific City 🌊Oregon Coast": null,
  "Beach Live": [
    25.7907264,
    -80.1359831
  ],
  "Maine -": [
    45.709097,
    -68.8590201
  ],
  "Downtown Harbor Springs,": null,
  "Friday Harbor Marina Live Stream": null,
  "Dorset": [
    50.7968369,
    -2.3447323
  ],
  "Weymouth": [
    50.6096257,
    -2.4543424
  ],
  "Beach Life": [
    -26.6655644,
    153.105071
  ],
  "UK": [
    19.7031822,
    -79.9174627
  ],
  "Minnesota": [
    45.9896587,
    -94.6113288
  ],
  "Jackson Hole Town Square Live Webcam Stream – See": null,
  "Pomerelle Mountain Ski": null,
  "Myrtle Beach Boardwalk": [
    33.6897648,
    -78.8811109
  ],
  "Town of Collingwood Live Stream": null,
  "Town of Collingwood": [
    42.8675669,
    -76.0829793
  ],
  "Kentucky, USA": [
    37.5726028,
    -85.1551411
  ],
  "Fort Madison, Iowa, USA": [
    40.6311415,
    -91.3084007
  ],
  "Ontario": [
    50.000678,
    -86.000977
  ],
  "Santa Claus Village": [
    66.5432629,
    25.8458339
  ],
  "NYC Skyline Live Stream Camera": null,
  "Tel Aviv": [
    32.0852997,
    34.7818064
  ],
  "Auckland": [
    -36.852095,
    174.7631803
  ],
  "Lx Live Stream": null,
  "Cat Tien National Park": [
    11.4547262,
    107.3197806
  ],
  "Southampton": [
    50.9025349,
    -1.404189
  ],
  "Stream - Erasmusbrug,": null,
  "Rotterdam": [
    51.9244424,
    4.47775
  ],
  "Aurora Camp": [
    20.3714184,
    -90.051876
  ],
  "Slovakia": [
    48.7411522,
    19.4528646
  ],
  "Bay Port,": [
    43.8492297,
    -83.3731789
  ],
  "Mt": [
    35.9311442,
    14.3951627
  ],
  "Cruise Cam - Southampton Cruise Ship Live Stream": null,
  "UK)": [
    19.7031822,
    -79.9174627
  ],
  "STREAM – Footage": null,
  "Africa": [
    11.5024338,
    17.7578122
  ],
  "Manatee Cam At Homosassa Springs": null,
  "Fotherdale,": [
    54.0296424,
    -0.7257903
  ],
  "York": [
    53.9656579,
    -1.0743052
  ],
  "Polzeath beach community Webcam": null,
  "Polzeath House": [
    50.5612666,
    -4.9238405
  ],
  "LAX Airport Action": null,
  "Utopia Village Top-": null,
  "Wall Underwater Reef Cam": null,
  "Lake Lugano": [
    28.5011798,
    -81.7328766
  ],
  "Waterfall Flowing": null,
  "Mountain Forest": [
    33.53816,
    -86.6588758
  ],
  "Mt.": [
    35.9311442,
    14.3951627
  ],
  "Clayton&#39;s Landing": [
    34.0912759,
    -84.526654
  ],
  "NYC": [
    40.7127281,
    -74.0060152
  ],
  "Calgary": [
    51.0456064,
    -114.057541
  ],
  "MELBOURNE": [
    -37.8142454,
    144.9631732
  ],
  "St Ives": [
    50.2149064,
    -5.4795083
  ],
  "(Baltimore, Maryland)": [
    39.2908816,
    -76.610759
  ],
  "Dollar Bar": [
    40.7084122,
    -73.9381164
  ],
  "Den": [
    39.8606676,
    -104.6853673
  ],
  "Virginia, USA": [
    37.1232245,
    -78.4927721
  ],
  "Fuego Volcano Eruption": null,
  "(Guatemala)": [
    15.5855545,
    -90.345759
  ],
  "Nutty Kingdom": null,
  "Chengdu": [
    30.659867,
    104.063315
  ],
  "Wernwood - Live Stream Birdcast": null,
  "Wales": [
    52.2928116,
    -3.73893
  ],
  "Hills Ontario": [
    -33.7859084,
    150.9291786
  ],
  "Alabama": [
    33.2588817,
    -86.8295337
  ],
  "Indiana": [
    40.3270127,
    -86.1746933
  ]
}
