{
  "México,": [
    23.6585116,
    -102.0077097
  ],
  "México": [
    23.6585116,
    -102.0077097
  ],
  "Kansas City,": [
    39.100105,
    -94.5781416
  ],
  "Sapsucker Woods": [
    42.4753258,
    -76.4495908
  ],
  "USA": [
    39.7837304,
    -100.445882
  ],
  "Michigan USA": [
    43.6211955,
    -84.6824346
  ],
  "Indiana, USA": [
    40.3270127,
    -86.1746933
  ],
  "Canal Park": [
    41.0781516,
    -81.5221776
  ],
  "Great Lakes": [
    42.3093241,
    -87.8496551
  ],
  "St. Clair River": [
    42.6248342,
    -82.5143645
  ],
  "Nagano": [
    36.1143945,
    138.0319015
  ],
  "Bergamo": [
    45.7566557,
    9.7542192
  ],
  "Lake Como": [
    45.9917589,
    9.264881
  ],
  "Abetone": [
    44.1444997,
    10.6644636
  ],
  "Varazze": [
    44.3592996,
    8.5753273
  ],
  "Orvieto": [
    42.7186152,
    12.1087907
  ],
  "Perugia": [
    43.1070321,
    12.4029962
  ],
  "La Spezia": [
    44.238366,
    9.6912326
  ],
  "Assisi": [
    43.0711952,
    12.6146669
  ],
  "Gorreto": [
    44.6048462,
    9.2912637
  ],
  "Trieste": [
    45.6496485,
    13.7772781
  ],
  "New York City": [
    40.7127281,
    -74.0060152
  ],
  "Santiago": [
    9.8694792,
    -83.7980749
  ],
  "Heathrow Airport": [
    51.467739,
    -0.4587801
  ],
  "Minneapolis / St. Paul": [
    44.8780191,
    -93.2209281
  ],
  "Creve Coeur Airport": [
    38.7256219,
    -90.5075138
  ],
  "Montreal": [
    45.5031824,
    -73.5698065
  ],
  "Lanzarote": [
    29.0397081,
    -13.6362916
  ],
  "Madeira Island": [
    32.7517501,
    -16.9817487
  ],
  "Fort Lauderdale": [
    26.1223084,
    -80.1433786
  ],
  "Gran Canaria": [
    27.9580004,
    -15.6062305
  ],
  "Waupaca": [
    44.4927889,
    -88.9650419
  ],
  "Frankfurt Airport": [
    50.0244126,
    8.5552003
  ],
  "Munich Airport": [
    48.3539625,
    11.7785925
  ],
  "Mallorca": [
    39.613432,
    2.8829185
  ],
  "Saint Martin": [
    18.0814066,
    -63.0467131
  ],
  "Warren Idaho": [
    45.2640724,
    -115.6765116
  ],
  "Keokuk": [
    41.3154792,
    -92.1867128
  ],
  "Etosha National Park": [
    -18.9913306,
    15.7460551
  ],
  "Rio": [
    -22.9110137,
    -43.2093727
  ],
  "Tongass National Forest": [
    59.5583247,
    -138.9619712
  ],
  "Detroit": [
    42.3315509,
    -83.0466403
  ],
  "Ocho Rios": [
    18.4081045,
    -77.1011092
  ],
  "Devon": [
    50.7241405,
    -3.6607788
  ],
  "Mad River Valley": [
    41.5388583,
    -73.0168902
  ],
  "Martha's Vineyard": [
    41.3920455,
    -70.6208138
  ],
  "Marine City": [
    42.7190045,
    -82.4941921
  ],
  "Port Colborne": [
    42.8862392,
    -79.2513905
  ],
  "Leavenworth": [
    39.3113257,
    -94.922759
  ],
  "earthTV": null,
  "Koh Samui": [
    9.5013945,
    99.9956193
  ],
  "Curaçao": [
    12.1176488,
    -68.9309263
  ],
  "Rotterdam": [
    51.9244424,
    4.47775
  ],
  "CANARY ISLANDS": [
    28.2935785,
    -16.6214471
  ],
  "Rovaniemi": [
    66.5025537,
    25.7303912
  ],
  "Palm": [
    40.4281539,
    -75.5329608
  ],
  "SAPPORO-city": [
    40.6289914,
    -74.0289734
  ],
  "Earth": [
    34.2331373,
    -102.4107493
  ],
  "Fairbanks": [
    64.837845,
    -147.716675
  ],
  "Cresswell": [
    55.2352886,
    -1.5398744
  ],
  "Nelson/Tasman": [
    -41.0343027,
    173.3480665
  ],
  "Utsjoki": [
    69.907601,
    27.0252458
  ],
  "Maine": [
    45.709097,
    -68.8590201
  ],
  "Lapland": [
    67.6922371,
    26.728139
  ],
  "Pyhä-Luosto": [
    67.1618234,
    26.9154118
  ],
  "Koh Phangan": [
    9.7349503,
    100.0305711
  ],
  "Big Bear": [
    29.6675171,
    -98.4556864
  ],
  "Duluth": [
    46.7838287,
    -92.1052679
  ],
  "Lower Keys": [
    24.6736205,
    -81.4981792
  ],
  "Kisatchie National Forest": [
    32.6722848,
    -93.2880666
  ],
  "Avon Lake": [
    41.510033,
    -82.0185895
  ],
  "Davao City": [
    7.0648306,
    125.6080623
  ],
  "Aruba": [
    12.5013629,
    -69.9618475
  ],
  "Mojave": [
    35.0109603,
    -118.1902833
  ],
  "Kalahari Desert": [
    -23,
    22
  ],
  "Kalahari": [
    -23,
    22
  ],
  "Judean Desert": [
    30.9313844,
    35.2039375
  ],
  "Arizona": [
    34.395342,
    -111.763275
  ],
  "Mendenhall Glacier": [
    58.5047401,
    -134.5539266
  ],
  "Ilulissat": [
    69.2197127,
    -51.0986385
  ],
  "Victor Glacier": [
    73.25,
    -28.875
  ],
  "Grand Teton National Park": [
    43.8105668,
    -110.6487948
  ],
  "Swiss Alps": [
    46.3802707,
    8.871155
  ],
  "Kulusuk": [
    65.5518396,
    -37.116877
  ],
  "Skigebiete": [
    51.7604184,
    10.5119472
  ],
  "Grasslands National Park": [
    49.1126209,
    -107.3701047
  ],
  "Winter Park": [
    28.5977707,
    -81.3510264
  ],
  "Österreich": [
    47.59397,
    14.12456
  ],
  "Arvidsjaur": [
    65.666667,
    19.25
  ],
  "Essaouira": [
    31.5118281,
    -9.7620903
  ],
  "Groningen": [
    53.2190652,
    6.5680077
  ],
  "Andalo": [
    46.1661363,
    11.003402
  ],
  "Sicily": [
    37.587794,
    14.155048
  ],
  "Guatemala": [
    15.5855545,
    -90.345759
  ],
  "Times Square": [
    40.7570095,
    -73.9859724
  ],
  "ITALY": [
    42.6384261,
    12.674297
  ],
  "Southampton": [
    50.9025349,
    -1.404189
  ],
  "LANZAROTE": [
    29.0397081,
    -13.6362916
  ],
  "Playa de Altea": [
    38.6011386,
    -0.0458072
  ],
  "Fuengirola": [
    36.5388398,
    -4.6233974
  ],
  "Palma de Mallorca": [
    39.5695818,
    2.6500745
  ],
  "Platja d'Aro": [
    41.8184693,
    3.0687997
  ],
  "Barcellona Pozzo di Gotto": [
    38.1483059,
    15.2175523
  ],
  "Žacléř": [
    50.6586423,
    15.9078109
  ],
  "North Carolina": [
    35.6729639,
    -79.0392919
  ],
  "Cat Tien National Park": [
    11.4547262,
    107.3197806
  ],
  "Ontario": [
    50.000678,
    -86.000977
  ],
  "Gaylord": [
    45.027513,
    -84.674752
  ],
  "Missouri Ozarks": [
    38.1443725,
    -92.6594744
  ],
  "Oakland": [
    37.8044557,
    -122.271356
  ],
  "Pittsburgh": [
    40.4406968,
    -80.0025666
  ],
  "Sabi Sand": [
    -24.821303,
    31.4411616
  ],
  "Roccaraso": [
    41.8502606,
    14.0782574
  ],
  "Colorado": [
    38.7251776,
    -105.607716
  ],
  "Carson City": [
    39.1663259,
    -119.7670374
  ],
  "Santo Stefano d’Aveto": [
    44.5472974,
    9.4502082
  ],
  "Pikes Peak": [
    38.8404012,
    -105.0439523
  ],
  "Porto Moniz": [
    32.8669649,
    -17.1666328
  ],
  "Kintamani": [
    -8.2401567,
    115.3263567
  ],
  "Rutland": [
    52.6423036,
    -0.6632643
  ],
  "Grimentz": [
    46.1802947,
    7.573834
  ],
  "Altoona": [
    40.5193586,
    -78.3968299
  ],
  "New Orleans": [
    29.9561422,
    -90.0733934
  ],
  "La Grange": [
    47.2820623,
    6.6655859
  ],
  "St. John": [
    18.3356013,
    -64.7550406
  ],
  "Fairport": [
    43.0993,
    -77.443014
  ],
  "St Louis": [
    38.6254063,
    -90.190009
  ],
  "New London": [
    41.3556187,
    -72.0997804
  ],
  "Nelson": [
    -41.2710849,
    173.2836756
  ],
  "Melbourne": [
    -37.8142454,
    144.9631732
  ],
  "Brisbane": [
    -27.365991,
    152.948963
  ],
  "Oceanside": [
    33.1958696,
    -117.379483
  ],
  "St. Augustine": [
    40.7183728,
    -90.4109616
  ],
  "Midway Atoll": [
    28.2360511,
    -177.3685632
  ],
  "Fort Madison": [
    40.6311415,
    -91.3084007
  ],
  "null": [
    40.788106,
    35.0218961
  ],
  "Mt Katahdin": [
    45.9038468,
    -68.9145397
  ],
  "Pyhä": [
    60.6524159,
    21.8610745
  ],
  "Kranjska Gora": [
    46.485132,
    13.7843957
  ],
  "Ruka": [
    66.1655532,
    29.1514909
  ],
  "Monterosso": [
    45.3653424,
    11.7624377
  ],
  "PORT LORAIN": [
    41.4736214,
    -82.1781278
  ],
  "Grindavik": [
    63.844239,
    -22.4317498
  ],
  "Þorbjörn": [
    63.8642833,
    -22.4409501
  ],
  "Tenerife": [
    28.2935785,
    -16.6214471
  ],
  "Campi Flegrei": [
    40.8274575,
    14.1402297
  ],
  "Vulcano Vesuvio": [
    40.8213963,
    14.4261967
  ]
}
