{
  "México,": [
    23.6585116,
    -102.0077097
  ],
  "México": [
    23.6585116,
    -102.0077097
  ],
  "Kansas City,": [
    39.100105,
    -94.5781416
  ],
  "Sapsucker Woods": [
    42.4753258,
    -76.4495908
  ],
  "USA": [
    39.7837304,
    -100.445882
  ],
  "Michigan USA": [
    43.6211955,
    -84.6824346
  ],
  "Indiana, USA": [
    40.3270127,
    -86.1746933
  ],
  "Canal Park": [
    41.0781516,
    -81.5221776
  ],
  "Great Lakes": [
    42.3093241,
    -87.8496551
  ],
  "St. Clair River": [
    42.6248342,
    -82.5143645
  ],
  "Weymouth Beach (UK)": [
    52.5384671,
    -0.2456685
  ],
  "Detroit River Live": null,
  "Museum,": [
    50.0794841,
    14.4316586
  ],
  "OHIO": [
    40.2253569,
    -82.6881395
  ],
  "Lake Livestream": null,
  "Live-Stream": [
    34.1398259,
    -117.7435807
  ],
  "Severn Valley Railway": [
    52.6147785,
    -2.4425948
  ],
  "San Marcos Fort": [
    32.7307203,
    -97.4704736
  ],
  "Castelul Bran - Dracula&#39;s Castle - Casa": null,
  "Ocean City": [
    39.2788685,
    -74.5762507
  ],
  "Pennsylvania, USA": [
    40.9699889,
    -77.7278831
  ],
  "Peregrine Falcon Nest - Castle Rock -": null,
  "Maddalena": [
    44.6222404,
    7.0285759
  ],
  "Castle Live": [
    51.4823617,
    -3.1779029
  ],
  "Hurst Castle": [
    50.7068783,
    -1.5500234
  ],
  "Peregrine Falcon Lookout  - Castle Rock": null,
  "Matsumoto Castle": [
    36.2386353,
    137.9688709
  ],
  "Schloss Colditz - Wettercam Castle Colditz": null,
  "River Sounds": [
    40.5935143,
    -122.3808746
  ],
  "Mississippi River": [
    39.5523599,
    -91.1578924
  ],
  "City,": [
    -37.8141705,
    144.9655616
  ],
  "Ohio River,": [
    38.8197972,
    -84.2289889
  ],
  "Missouri River": [
    44.786375,
    -100.7217317
  ],
  "In The Forest -": [
    35.3169702,
    139.5491298
  ],
  "Mississippi River Flyway": null,
  "Dam - Michigan -": [
    40.5533073,
    -106.008603
  ],
  "RIO": [
    -22.9110137,
    -43.2093727
  ],
  "ATL": [
    33.6374009,
    -84.4298161
  ],
  "Space Coast Live:": null,
  "Live Stream of Earth": null,
  "Reef Camera": null,
  "Kensington": [
    51.4989948,
    -0.1991229
  ],
  "Saint Martin": [
    18.0814066,
    -63.0467131
  ],
  "Live Stream of Harbour": null,
  "Clearwater Beach Cam": [
    33.6998397,
    -118.0145282
  ],
  "Margaritaville Beach Resort Fort Myers Beach": null,
  "Margaritaville Beach": [
    25.0807022,
    -77.3210597
  ],
  "Cruz Bay Beach": [
    18.3305591,
    -64.7963377
  ],
  "Curaçao": [
    12.1176488,
    -68.9309263
  ],
  "🌊🅻🅸🆅🅴🌊Cape Kiwanda Beach Cam 🌅Live Pacific City 🌊Oregon Coast": null,
  "Beach Live": [
    25.7907264,
    -80.1359831
  ]
}
