{
  "México,": [
    23.6585116,
    -102.0077097
  ],
  "México": [
    23.6585116,
    -102.0077097
  ],
  "Kansas City,": [
    39.100105,
    -94.5781416
  ],
  "Sapsucker Woods": [
    42.4753258,
    -76.4495908
  ],
  "USA": [
    39.7837304,
    -100.445882
  ],
  "Michigan USA": [
    43.6211955,
    -84.6824346
  ],
  "Indiana, USA": [
    40.3270127,
    -86.1746933
  ],
  "Canal Park": [
    41.0781516,
    -81.5221776
  ],
  "Great Lakes": [
    42.3093241,
    -87.8496551
  ],
  "St. Clair River": [
    42.6248342,
    -82.5143645
  ]
}
